entry_time,direction,entry,sl,tp1,result_r,bars_held
2026-10-07T19:45:00,1,31133.1,31113.9,31152.299999999996,-1.0,3
2026-10-07T21:00:00,1,31162.6,31133.5,31191.699999999997,-1.0,13
2026-10-07T21:35:00,-1,31163.8,31175.8,31151.8,-1.0,2
2026-10-07T21:55:00,-1,31165.4,31181.1,31149.700000000004,1.0,1
2026-10-08T03:00:00,-1,31219.2,31233.0,31205.4,1.0,1
2026-10-08T04:10:00,-1,31181.4,31192.2,31170.600000000002,-1.0,1
2026-10-08T12:05:00,1,31054.6,31009.1,31100.1,-1.0,12
2026-10-08T12:15:00,-1,31029.6,31048.8,31010.399999999998,-1.0,3
2026-10-08T14:15:00,1,30948.8,30930.9,30966.699999999997,1.0,2
2026-10-08T14:40:00,1,30981.7,30941.9,31021.5,1.0,17
2026-10-08T15:10:00,-1,30983.0,30996.1,30969.9,1.0,1
2026-10-08T15:55:00,1,30992.4,30979.1,31005.700000000004,1.0,1
2026-10-08T18:50:00,-1,30980.6,31013.0,30948.199999999997,-1.0,5
2026-10-08T19:40:00,-1,30985.3,31013.0,30957.6,1.0,1
2026-10-08T20:45:00,-1,30648.5,30728.8,30568.2,-1.0,5
2026-10-09T02:20:00,-1,30813.6,30830.1,30797.1,1.0,1
2026-10-09T05:35:00,-1,30861.6,30882.8,30840.399999999998,1.0,7
2026-10-09T06:20:00,1,30870.3,30858.8,30881.8,1.0,3
2026-10-09T07:55:00,1,30920.3,30895.8,30944.8,1.0,6
2026-10-09T09:30:00,1,30973.3,30943.5,31003.1,1.0,3
